{
  "num_objects": 10,
  "chamfer_distance": 0.4912097184153847,
  "clip_score": 0.19029541015625,
  "clip_similarity": 0.7449951171875,
  "f_score": 0.004582766472908164,
  "lpips": 0.3206949807703495
}